complexity,loss,equation,score,sympy_format,lambda_format
1,405.9978,45.22958,0.0,45.2295800000000,PySRFunction(X=>45.2295800000000)
3,405.2368,x20 + 45.22992,0.0009380766343343108,x20 + 45.22992,PySRFunction(X=>x20 + 45.22992)
5,403.2465,(x1 * x3) - -44.631496,0.0024617750553753634,x1*x3 - 1*(-44.631496),PySRFunction(X=>x1*x3 - 1*(-44.631496))
7,402.4379,44.538795 - (x3 / (-0.5400843 / x1)),0.0010036191236764698,44.538795 - x3/((-0.5400843/x1)),PySRFunction(X=>44.538795 - x3/((-0.5400843/x1)))
11,402.0872,44.5785 - ((x3 / (0.5548071 / x1)) / (x25 + -2.043278)),0.00021795468047733775,44.5785 - x3/((0.5548071/x1)*(x25 - 2.043278)),PySRFunction(X=>44.5785 - x3/((0.5548071/x1)*(x25 - 2.043278)))
13,400.90445,(x1 - (x3 / (0.29918015 / (x1 / (x12 + -2.4226384))))) - -44.631496,0.0014729304536787648,x1 - x3/(0.29918015/((x1/(x12 - 2.4226384)))) - 1*(-44.631496),PySRFunction(X=>x1 - x3/(0.29918015/((x1/(x12 - 2.4226384)))) - 1*(-44.631496))
15,400.21286,(x20 - (x3 / (0.24614409 / (x1 / (x12 + -2.7003696))))) - (-44.48708 - x1),0.0008632820227088085,x20 - x3/(0.24614409/((x1/(x12 - 2.7003696)))) - (-x1 - 44.48708),PySRFunction(X=>x20 - x3/(0.24614409/((x1/(x12 - 2.7003696)))) - (-x1 - 44.48708))
17,400.16266,(x20 - (x3 / (0.54583323 / (x1 / ((x12 + -2.4226384) * 0.5481164))))) - (-44.535496 - x1),6.272055905183508e-05,x20 - x3/(0.54583323/((x1/(((x12 - 2.4226384)*0.5481164))))) - (-x1 - 44.535496),PySRFunction(X=>x20 - x3/(0.54583323/((x1/(((x12 - 2.4226384)*0.5481164))))) - (-x1 - 44.535496))
19,399.64438,(x20 - (x3 / (0.51548356 / ((x1 / ((x12 + -2.4919808) * 0.51548356)) - 0.51548356)))) - (-44.75074 - x1),0.0006480063898212615,x20 - x3/(0.51548356/(x1/(((x12 - 2.4919808)*0.51548356)) - 1*0.51548356)) - (-x1 - 44.75074),PySRFunction(X=>x20 - x3/(0.51548356/(x1/(((x12 - 2.4919808)*0.51548356)) - 1*0.51548356)) - (-x1 - 44.75074))
