model,feature_group,n_features,target,r2,mae
Random Forest,all_redshifts_all_k,57,zeta,-0.04536295713104943,18.11726182939699
Random Forest,all_redshifts_all_k,57,log10_Tvir,-0.011870428306012482,0.3770528877053354
Random Forest,all_redshifts_all_k,57,R_mfp,0.541308984500434,4.122118107302799
Random Forest,all_redshifts_all_k,57,log10_LX,-0.014740862686263734,0.9985362531061233
Random Forest,all_redshifts_all_k,57,sigma8,0.9580906113759345,0.0068764561703307855
Random Forest,z_12.0_all_k,19,zeta,-0.02400275664831275,17.904321902028315
Random Forest,z_12.0_all_k,19,log10_Tvir,0.0032078641084984927,0.3749719777440278
Random Forest,z_12.0_all_k,19,R_mfp,-0.0031229876452820715,6.37063646963023
Random Forest,z_12.0_all_k,19,log10_LX,-0.02595730706486754,1.0078157393114662
Random Forest,z_12.0_all_k,19,sigma8,0.9641479351944806,0.006445068564145721
Random Forest,z_10.0_all_k,19,zeta,-0.04445191700318096,18.082203693945452
Random Forest,z_10.0_all_k,19,log10_Tvir,-0.001675236764900001,0.3746967649160516
Random Forest,z_10.0_all_k,19,R_mfp,-0.004012990514872028,6.364236447590935
Random Forest,z_10.0_all_k,19,log10_LX,-0.026269360421293797,1.004763792818619
Random Forest,z_10.0_all_k,19,sigma8,0.9823043028094673,0.004580562969855362
Random Forest,z_8.0_all_k,19,zeta,-0.06580550617817948,18.24753648303434
Random Forest,z_8.0_all_k,19,log10_Tvir,-0.020119385922245048,0.3793750230796126
Random Forest,z_8.0_all_k,19,R_mfp,0.5213460533748968,4.128213370879388
Random Forest,z_8.0_all_k,19,log10_LX,-0.018169884267684067,0.9991700298462576
Random Forest,z_8.0_all_k,19,sigma8,0.8780380395453943,0.01124135657493955
Random Forest,all_z_low_k,18,zeta,-0.04545437910777639,18.034026743223887
Random Forest,all_z_low_k,18,log10_Tvir,-0.01185699527344175,0.3771683179405701
Random Forest,all_z_low_k,18,R_mfp,0.4444918246964171,4.5084192707561295
Random Forest,all_z_low_k,18,log10_LX,-0.013015931570231176,0.9980343557151988
Random Forest,all_z_low_k,18,sigma8,0.8687971666564129,0.012301178429699449
Random Forest,all_z_mid_k,21,zeta,-0.06607137195288582,18.289556902625765
Random Forest,all_z_mid_k,21,log10_Tvir,-0.012228659061207292,0.3770092946584289
Random Forest,all_z_mid_k,21,R_mfp,0.4807585830842599,4.3213891427517375
Random Forest,all_z_mid_k,21,log10_LX,-0.02836374626900917,1.0032192561837174
Random Forest,all_z_mid_k,21,sigma8,0.9678652704257563,0.0062288426315546715
Random Forest,all_z_high_k,18,zeta,-0.07339949899896503,18.1206106727248
Random Forest,all_z_high_k,18,log10_Tvir,-0.006910129152911448,0.37608655049377554
Random Forest,all_z_high_k,18,R_mfp,0.5295928712769072,4.068910379064914
Random Forest,all_z_high_k,18,log10_LX,-0.03891147656179572,1.007648268892616
Random Forest,all_z_high_k,18,sigma8,0.9863641880479167,0.00395161350192193
Random Forest,z_12.0_low_k,6,zeta,-0.033380553507971866,18.040390666793993
Random Forest,z_12.0_low_k,6,log10_Tvir,-0.012174423824284686,0.37903825626072263
Random Forest,z_12.0_low_k,6,R_mfp,-0.011334248511901457,6.363318470670761
Random Forest,z_12.0_low_k,6,log10_LX,-0.021282542843037655,1.004696355718407
Random Forest,z_12.0_low_k,6,sigma8,0.4945766555318929,0.02487286209228863
Random Forest,z_12.0_mid_k,7,zeta,-0.061838119136392145,18.19625617335242
Random Forest,z_12.0_mid_k,7,log10_Tvir,-0.014115410095863812,0.3783581293273457
Random Forest,z_12.0_mid_k,7,R_mfp,-0.019043842970257074,6.401528281264652
Random Forest,z_12.0_mid_k,7,log10_LX,-0.0173342362183726,0.9986803494314864
Random Forest,z_12.0_mid_k,7,sigma8,0.9427108765867889,0.00827118291718817
Random Forest,z_12.0_high_k,6,zeta,-0.0800406190010452,18.159651669675142
Random Forest,z_12.0_high_k,6,log10_Tvir,-0.0502252520479991,0.38104756625800673
Random Forest,z_12.0_high_k,6,R_mfp,-0.0814493177082456,6.585955372980489
Random Forest,z_12.0_high_k,6,log10_LX,-0.06897673706805607,1.024740175381398
Random Forest,z_12.0_high_k,6,sigma8,0.9867361216858243,0.0038988827456601146
Random Forest,z_10.0_low_k,6,zeta,-0.05746325991314727,18.07803009357459
Random Forest,z_10.0_low_k,6,log10_Tvir,-0.0019813743391190464,0.3728943999707308
Random Forest,z_10.0_low_k,6,R_mfp,-0.018912835351387658,6.364543623468176
Random Forest,z_10.0_low_k,6,log10_LX,-0.02792053624487445,1.0011400126460959
Random Forest,z_10.0_low_k,6,sigma8,0.8746110900762701,0.012101993834559139
Random Forest,z_10.0_mid_k,7,zeta,-0.10312791905324836,18.347496433818762
Random Forest,z_10.0_mid_k,7,log10_Tvir,-0.024576706017373384,0.37935553894359886
Random Forest,z_10.0_mid_k,7,R_mfp,-0.03398715703231869,6.464792063414705
Random Forest,z_10.0_mid_k,7,log10_LX,-0.04021874762863331,1.0059469371212786
Random Forest,z_10.0_mid_k,7,sigma8,0.9633059928570352,0.00665537809029469
Random Forest,z_10.0_high_k,6,zeta,-0.13313788973534568,18.591680637976932
Random Forest,z_10.0_high_k,6,log10_Tvir,-0.010304306325974233,0.3741154068656167
Random Forest,z_10.0_high_k,6,R_mfp,-0.03886665760905439,6.364043028158115
Random Forest,z_10.0_high_k,6,log10_LX,-0.06047543167443892,1.022576213926837
Random Forest,z_10.0_high_k,6,sigma8,0.971785578308347,0.005535545036213627
Random Forest,z_8.0_low_k,6,zeta,-0.06487056696160676,18.24122803735949
Random Forest,z_8.0_low_k,6,log10_Tvir,-0.02875419932084977,0.38175511967794734
Random Forest,z_8.0_low_k,6,R_mfp,0.36553232119955714,4.778577106668857
Random Forest,z_8.0_low_k,6,log10_LX,-0.015863045656820063,1.0010801884178797
Random Forest,z_8.0_low_k,6,sigma8,0.31554632666469795,0.02929124570805638
Random Forest,z_8.0_mid_k,7,zeta,-0.08555375886186867,18.385235316666737
Random Forest,z_8.0_mid_k,7,log10_Tvir,-0.02215487481423084,0.37832133802757073
Random Forest,z_8.0_mid_k,7,R_mfp,0.3639358288762907,4.815800158379573
Random Forest,z_8.0_mid_k,7,log10_LX,-0.046533814781684724,1.0082975261527267
Random Forest,z_8.0_mid_k,7,sigma8,0.9207563875290509,0.009359429350657606
Random Forest,z_8.0_high_k,6,zeta,-0.22525362445560204,19.396392537347996
Random Forest,z_8.0_high_k,6,log10_Tvir,-0.04531358749658443,0.3809711540764592
Random Forest,z_8.0_high_k,6,R_mfp,0.22148943503309637,5.46787945747667
Random Forest,z_8.0_high_k,6,log10_LX,-0.04261826507983146,0.9993993787258888
Random Forest,z_8.0_high_k,6,sigma8,0.9266984320729158,0.008754296509123573
